run,scenario,seed,rep,done,boxes,boxes_floor,time_s,time_per_box_s,arrive_med_mm,arrive_max_mm,timeouts,aborts,solver_fail,solve_p50_ms,solve_p99_ms,solve_max_ms,over_budget,jerk_p99,dtau_p99,hf,j7,tilt_p99_deg,tilt_max_deg,tsway_rms_mm,wall,push_yaw_deg,gap_med_mm,holds,pred_n,pred_q_rms_mrad,pred_q_p99_mrad,pred_qd_rms,pred_qd_med,pred_qd_p99,pred_qd_rms_empty,pred_qd_rms_carry,track_rms_mm,track_p99_mm,settles,settle_med_s,settle_p90_s,settle_max_s,bias_mean_mm,bias_max_mm,effort_per_box,clear_true_m,clear_moving_m,gap_sensed_m,det_err_med_mm,det_err_p95_mm
obstacle_s1,obstacle,1,1,0,7,7,nan,23.55,0.5,1.2,0,0,0,2.67,15.9,50.67,38,876,7.06,0.1,0.000332,0.6,2.8,5.5,1,0.3,7.5,3,9035,1.917,4.158,0.1867,0.1628,0.3905,0.1893,0.1846,8.868,34.4,60,0.5,0.734,1.56,0.8023,8.198,3.793e+04,0.1282,0.1419,0.117,18.77,55.96
obstacle_s1_r2,obstacle,1,2,0,6,6,nan,23.74,0.5,1.6,0,0,0,2.72,16.38,73.69,48,2155,16.9,0.157,0.0007556,1.4,3.8,7.9,0,0.7,5.9,3,7939,1.938,3.781,0.1875,0.1582,0.3418,0.1778,0.1941,14.18,72.82,50,0.5,0.72,1.32,0.6905,3.728,3.994e+04,0.1136,0.1166,0.103,18.78,56.47
obstacle_s2,obstacle,2,1,1,8,7,176.9,21.3,0.3,1.3,0,0,0,2.74,15.58,43.92,34,772,5.96,0.066,0.0004522,0.5,5.8,5.8,0,0.9,5.7,3,8844,1.766,4.51,0.1724,0.1528,0.4481,0.1732,0.1718,11.65,12.68,48,0.55,0.81,1.66,0.7487,9.07,3.284e+04,0.1463,0.1598,0.121,19.99,57.33
obstacle_s2_r2,obstacle,2,2,1,8,7,182.9,22.12,0.3,1.1,0,0,0,2.66,14.46,42.19,30,1009,7.06,0.112,0.0004374,0.3,3.3,4.4,1,1,6.3,3,9143,1.677,4.316,0.1634,0.1509,0.4235,0.1784,0.1504,7.236,26.99,54,0.55,0.87,1.6,0.8096,9.67,3.465e+04,0.1461,0.1463,0.114,19.9,52.23
obstacle_s3,obstacle,3,1,1,8,7,169.1,20.43,0.4,1.6,0,0,0,2.78,16.13,42.92,42,1508,9.38,0.12,0.001537,1.1,7.5,5.9,0,0.2,6.5,3,8455,1.57,2.807,0.1538,0.1428,0.2953,0.1461,0.1594,11.85,40.53,44,0.52,0.742,0.94,0.578,5.623,2.901e+04,0.03528,0.176,0.047,19.91,58.14
obstacle_s3_r2,obstacle,3,2,1,8,7,169.2,20.36,0.4,1.5,0,0,0,2.7,14.69,34.59,27,754,6.54,0.067,0.0007091,0.7,4.1,5.5,0,0.5,6.2,3,8459,1.484,2.293,0.1445,0.1368,0.2335,0.1445,0.1445,11.05,28.57,44,0.5,0.756,0.9,0.5424,4.53,2.928e+04,0.1464,0.1472,0.014,20.9,48.72
obstacle_s4,obstacle,4,1,1,8,6,176.8,21.22,0.4,1.4,0,0,0,2.71,15.49,41.29,36,1284,10.88,0.086,0.0006787,1.4,4.1,7.1,1,0.7,6.5,4,8838,2.25,4.685,0.2199,0.1969,0.4657,0.2236,0.2171,14.25,73.16,49,0.5,0.8,2.12,0.7296,9.514,3.293e+04,0.151,0.2368,0.011,20.91,55.66
obstacle_s4_r2,obstacle,4,2,1,8,7,175.2,21.03,0.4,1.3,0,0,0,2.69,13.92,53.37,24,1013,8.66,0.083,0.0004566,1,3,5.1,0,0.5,7.1,3,8758,2.185,4.306,0.2134,0.1909,0.4317,0.2204,0.208,9.571,59.28,48,0.5,0.718,1.96,0.7128,9.596,3.223e+04,0.1474,0.1658,0.118,19.64,50.78
obstacle_s5,obstacle,5,1,1,8,7,180.3,21.64,0.4,1,0,0,0,2.68,15.41,31.5,39,834,7.31,0.086,0.0006657,0.3,3.9,5.4,0,0.5,6.5,3,9011,2.185,3.865,0.2126,0.2035,0.3666,0.212,0.213,10.97,27.54,48,0.54,0.864,1.7,0.7989,5.529,3.313e+04,0.01402,0.1607,0.02,19.96,55.2
obstacle_s5_r2,obstacle,5,2,1,8,7,176.6,21.1,0.5,1,0,0,0,2.67,14.43,32.09,25,517,5.04,0.047,0.0002265,0.2,2.1,3.4,0,0.5,6.5,3,8827,2.105,3.3,0.2054,0.1951,0.3243,0.2066,0.2043,5.249,7.265,47,0.52,0.788,1.24,0.7732,6.249,3.083e+04,0.1304,0.1551,0.103,19.36,54.65
obstacle_s6,obstacle,6,1,0,6,6,nan,24.74,0.5,1.4,0,0,0,2.67,14.41,47.08,33,576,5.49,0.07,0,0.2,3.5,4,0,0.6,6.7,4,8186,1.849,3.934,0.1795,0.1585,0.3846,0.1868,0.1735,7.294,16.62,55,0.5,0.772,1.54,0.8584,8.843,4.176e+04,0.1465,0.1465,0.112,19.81,50.94
obstacle_s6_r2,obstacle,6,2,0,7,7,nan,21.2,0.5,1.4,0,0,0,2.67,14.71,33.37,29,1137,7.03,0.077,0.0007314,1.6,8.7,6.8,0,0.7,7,3,8202,1.845,4.323,0.1799,0.1569,0.4238,0.177,0.182,14.86,58.15,42,0.5,0.844,1.4,0.7666,9.264,3.65e+04,0.004588,0.1394,0.018,18.7,50.27
obstacle_s7,obstacle,7,1,1,8,7,185.7,22.25,0.4,1.2,0,0,0,2.66,14.37,32.56,21,877,7.01,0.076,0.0002154,0.3,2.8,4.8,0,0.9,6.7,3,9282,1.896,4.005,0.1846,0.1726,0.39,0.1944,0.1762,8.53,31.69,53,0.6,0.856,1.52,0.7439,7.273,2.952e+04,0.1463,0.3221,0.113,18.98,49.74
obstacle_s7_r2,obstacle,7,2,1,8,6,185,22.17,0.4,1.2,0,0,0,2.66,14.26,36.14,17,922,6.67,0.074,0.0007568,0.2,3.3,4.9,1,0.8,5.3,3,9247,1.909,4.036,0.1859,0.1738,0.3937,0.1926,0.1803,8.146,22.22,55,0.62,0.852,1.34,0.7261,7.027,3.003e+04,0.1493,0.1493,0.119,19.63,53.85
obstacle_s8,obstacle,8,1,1,8,7,185.1,22.27,0.4,1.6,0,0,0,2.66,14.86,36.14,29,907,7.11,0.119,0.0003242,0.3,4.9,4.7,0,0.9,6.3,4,9252,1.859,4.195,0.179,0.1668,0.4011,0.1847,0.1744,8.281,29.03,55,0.58,0.848,1.34,0.8499,8.152,3.203e+04,0.09254,0.1476,0.012,19.96,56.33
obstacle_s8_r2,obstacle,8,2,1,8,7,172.3,20.65,0.5,1.5,0,0,0,2.69,15.09,44.82,29,1136,7.93,0.079,0.0006966,1.8,6.3,7.2,0,1.1,6.4,3,8611,1.859,3.942,0.1813,0.1653,0.3874,0.1758,0.1855,16.12,69.93,43,0.54,0.832,1.42,0.7448,7.596,2.97e+04,0.1513,0.1513,0.116,19.95,51.68
obstacle_s9,obstacle,9,1,1,8,7,174.2,20.97,0.7,1.1,0,0,0,2.69,14.88,34.83,26,816,6.31,0.069,0.0006887,1.1,8.3,6.3,0,0.3,6.7,3,8710,2.153,4.536,0.2099,0.1825,0.4448,0.2134,0.2069,14.32,30.36,48,0.5,0.68,1.56,1,9.417,3.379e+04,0.1494,0.1525,0.115,19.69,52.66
obstacle_s9_r2,obstacle,9,2,1,8,6,183.4,22.06,0.7,1.9,0,0,0,2.68,14.85,44.53,35,1489,11.34,0.116,0.0006542,1.3,7.2,6.7,0,0.6,7.7,4,9170,2.299,5.368,0.2234,0.1961,0.5206,0.2266,0.2209,14.2,72.88,54,0.5,0.914,1.64,1.089,8.821,3.591e+04,0.03041,0.147,0.025,18.34,54.53
obstacle_s10,obstacle,10,1,1,8,7,187.4,22.43,0.7,2.5,0,0,0,2.68,14.94,43.98,30,2202,19.61,0.121,0.001281,2.8,8.1,9.5,2,0.8,6,3,9368,2.535,5.931,0.2475,0.2185,0.5742,0.2357,0.2563,19.92,109.2,54,0.52,1.116,1.72,1.167,9.289,3.354e+04,0.1068,0.1344,0.105,19.8,50.12
obstacle_s10_r2,obstacle,10,2,1,8,7,177.8,21.49,0.6,1.5,0,0,1,2.7,14.1,71.19,26,1976,14.53,0.111,0.0007876,2.1,6.4,7.9,1,0.7,6.2,4,8886,2.395,5.272,0.234,0.2049,0.5175,0.2303,0.2366,17.4,90.54,48,0.52,0.952,1.72,1.107,10.08,3.207e+04,0.1394,0.1477,0.011,21.4,55.25
oracle_s1,oracle,1,1,1,8,8,162.4,19.37,0.2,0.7,0,0,0,2.72,15.42,50.95,42,1000,6.18,0.081,0.0007391,1.4,7.2,6.3,0,1.4,5.9,0,8116,0.7335,3.853,0.07091,0.0008223,0.3838,0.07565,0.06628,13.86,24.48,47,0.68,0.88,2.06,0.4418,6.204,2.622e+04,nan,nan,nan,nan,nan
oracle_s1_r2,oracle,1,2,1,8,8,162.6,19.55,0.2,1,0,0,0,2.67,13.48,38.22,17,978,6.28,0.076,0.0006151,0.6,6.5,4.8,0,2.5,5.4,0,8127,0.8161,4.081,0.07919,0.0008968,0.3968,0.07774,0.08049,8.778,10.52,47,0.66,0.868,3.42,0.388,6.098,2.635e+04,nan,nan,nan,nan,nan
oracle_s2,oracle,2,1,1,8,7,164.1,19.69,0.2,1,0,0,0,2.73,16.25,40.84,36,2594,21.13,0.154,0.001219,2.9,6.1,8.5,0,1,5.6,0,8202,0.9727,4.197,0.09178,0.00097,0.4044,0.08772,0.09524,16.14,89.02,48,0.74,0.946,3.56,0.4599,9.161,2.858e+04,nan,nan,nan,nan,nan
oracle_s2_r2,oracle,2,2,1,8,7,173.5,20.66,0.2,2.2,0,0,0,2.67,13.87,38.29,21,2901,22.22,0.175,0.0006916,3.4,7.7,9.3,0,0.8,4.8,0,8674,1.133,5.818,0.1064,0.0008389,0.5658,0.1089,0.1039,18.76,104.9,54,0.74,0.968,3.56,0.5997,8.989,2.996e+04,nan,nan,nan,nan,nan
oracle_s3,oracle,3,1,1,8,7,156.3,18.7,0.2,0.7,0,0,0,2.74,15.45,33.16,28,1015,8.78,0.085,0.0008956,1.1,3,5.7,0,1.8,5.1,0,7814,0.619,2.531,0.05911,0.0008021,0.2435,0.04227,0.06997,10.26,40.31,41,0.74,0.84,4.3,0.2524,0.8131,2.539e+04,nan,nan,nan,nan,nan
oracle_s3_r2,oracle,3,2,1,8,7,162.9,19.58,0.2,0.7,0,0,0,2.7,15.25,42.36,36,2138,14.28,0.162,0.000491,1.7,4.7,7.2,0,0.9,6.1,0,8144,0.5923,2.374,0.04862,0.0007432,0.2216,0.04699,0.05007,13.39,67.21,48,0.69,0.84,4.16,0.3052,3.091,2.665e+04,nan,nan,nan,nan,nan
oracle_s4,oracle,4,1,1,8,7,156.5,18.79,0.2,0.7,0,0,0,2.76,15.52,38.92,29,797,6.63,0.08,0.0003834,1.3,7.1,6.4,0,2,5.6,0,7822,0.776,2.873,0.07544,0.0009249,0.2803,0.05575,0.08828,12.32,33.21,41,0.7,0.9,4.82,0.2608,0.8518,2.638e+04,nan,nan,nan,nan,nan
oracle_s4_r2,oracle,4,2,1,8,7,167.7,19.97,0.2,1.2,1,0,0,2.7,14.42,60.4,33,1899,13.56,0.166,0.0003578,1.9,5.6,7.4,0,1.2,5.7,0,8383,0.9205,3.957,0.08454,0.0008302,0.3768,0.08865,0.08059,13.76,61.66,47,0.66,0.856,3.46,0.2708,1.397,2.854e+04,nan,nan,nan,nan,nan
oracle_s5,oracle,5,1,1,8,8,155,18.58,0.2,0.8,0,0,0,2.71,15.36,43.6,35,1451,13.4,0.095,0.001032,1.3,7.6,6.7,0,2.2,4.8,0,7747,0.7368,2.949,0.07114,0.000894,0.2795,0.04832,0.08529,12.29,41.63,41,0.74,0.9,1.8,0.3637,4.694,2.71e+04,nan,nan,nan,nan,nan
oracle_s5_r2,oracle,5,2,1,8,7,172.8,20.72,0.2,1.3,0,2,0,2.67,14.43,49.39,30,882,6.58,0.072,0.0006945,0.7,5.7,4.7,0,2.3,5.7,0,8637,0.6539,2.658,0.06353,0.001109,0.2631,0.04856,0.07318,8.357,10.22,53,0.66,0.896,1.74,0.4126,4.691,3.124e+04,nan,nan,nan,nan,nan
oracle_s6,oracle,6,1,1,8,7,163.4,19.47,0.2,0.9,0,0,0,2.76,14.86,38.36,25,2068,14.42,0.164,0.0006121,1.8,5.3,7.2,0,1.2,5.8,0,8166,0.6704,3.797,0.05709,0.0007016,0.338,0.06066,0.05364,13.52,65.99,48,0.68,0.886,2.82,0.4153,8.09,2.75e+04,nan,nan,nan,nan,nan
oracle_s6_r2,oracle,6,2,1,8,7,163.7,19.68,0.2,0.9,1,0,0,2.69,14.24,29.57,21,2050,14.19,0.163,0.0004888,1.7,4.7,7.1,0,1.6,5.1,0,8181,0.7376,3.829,0.06517,0.0007418,0.3611,0.07796,0.05104,13.32,65.41,47,0.66,0.848,1.34,0.2819,2.249,2.783e+04,nan,nan,nan,nan,nan
oracle_s7,oracle,7,1,1,8,7,155.1,18.63,0.2,0.8,0,0,0,2.71,15.33,47.42,29,769,6.32,0.073,0.0006449,0.9,4.1,5.6,0,1.4,5.3,0,7751,0.541,2.543,0.05217,0.0007446,0.2493,0.04569,0.057,11.29,24.04,42,0.68,0.818,4.6,0.2335,0.7895,2.411e+04,nan,nan,nan,nan,nan
oracle_s7_r2,oracle,7,2,1,8,7,153.8,18.34,0.2,1.9,0,0,0,2.65,14.36,42.12,21,812,6.72,0.078,0.0005203,1.1,3.8,6,0,0.4,6.4,0,7686,0.378,2.076,0.03549,0.0006713,0.2054,0.03133,0.03859,12.23,38.78,42,0.71,0.838,0.98,0.3195,4.181,2.365e+04,nan,nan,nan,nan,nan
oracle_s8,oracle,8,1,1,8,7,162.7,19.43,0.2,1,0,0,0,2.65,14.19,37.11,19,1809,13.71,0.161,0.0003689,1.7,4.4,7.2,0,1.3,5.2,0,8131,0.624,2.92,0.05266,0.0007913,0.2702,0.05316,0.0522,13.37,64.21,48,0.69,0.84,3.04,0.3764,6.137,2.626e+04,nan,nan,nan,nan,nan
oracle_s8_r2,oracle,8,2,1,8,7,172.4,20.59,0.2,0.9,0,0,0,2.64,14,31.84,22,1051,7.15,0.111,0.000232,0.6,4.2,5,0,1.3,6,0,8619,0.6174,3.113,0.05673,0.0006908,0.2913,0.0685,0.04163,8.662,28,54,0.65,0.84,4.2,0.3694,6.137,2.772e+04,nan,nan,nan,nan,nan
oracle_s9,oracle,9,1,1,8,8,158.3,18.79,0.2,0.9,1,0,0,2.68,14.25,34.42,23,1007,6.68,0.081,0.000758,1.3,6.8,6.1,0,0.8,5.7,0,7914,0.6855,3.712,0.06646,0.000899,0.3672,0.07597,0.05742,12.84,35.29,41,0.66,0.86,0.98,0.24,0.6107,2.583e+04,nan,nan,nan,nan,nan
oracle_s9_r2,oracle,9,2,1,8,7,165.9,19.8,0.2,1,0,0,0,2.69,15,72.15,29,2046,13.76,0.171,0.0003618,1.9,6.7,7.3,0,0.9,5.9,0,8291,0.998,4.971,0.09165,0.0008357,0.4587,0.1057,0.07676,14.09,68.07,48,0.7,0.88,4.7,0.4636,8.12,2.815e+04,nan,nan,nan,nan,nan
oracle_s10,oracle,10,1,0,6,6,nan,22.11,0.2,1.1,1,0,0,2.66,14.14,37.42,20,1293,9.33,0.12,0.0006657,1.3,4.8,6.7,0,1,5,0,7509,1.268,5.279,0.1224,0.001154,0.5136,0.1395,0.1038,12.11,46.15,47,0.66,0.896,3.8,0.481,9.09,3.749e+04,nan,nan,nan,nan,nan
oracle_s10_r2,oracle,10,2,1,8,7,156.1,18.51,0.2,0.8,0,0,0,2.69,14.51,44.19,23,1119,7.19,0.08,0.0006408,1.4,5.8,6.2,0,1.8,5.9,0,7801,0.7813,3.172,0.07609,0.0008917,0.3052,0.05465,0.08985,12.89,35.81,41,0.74,0.88,2.1,0.3775,5.244,2.77e+04,nan,nan,nan,nan,nan
plain_s1,plain,1,1,0,6,6,nan,20.33,0.6,2.1,0,0,0,2.72,16.93,39.59,33,2817,29.32,0.176,0.0005856,3.2,8,9.3,2,0.6,6.1,0,6829,1.977,3.686,0.1908,0.1712,0.3222,0.177,0.2029,17.77,101.4,47,0.5,0.748,1.32,0.6922,3.76,3.352e+04,nan,nan,nan,nan,nan
plain_s1_r2,plain,1,2,1,8,7,142,16.85,0.5,0.9,0,0,0,2.87,16.86,36.36,43,1234,10.22,0.138,0.001267,0.8,4.4,6.1,0,0,7.2,0,7100,1.943,3.247,0.1886,0.1733,0.2972,0.1816,0.1936,11.63,34.02,33,0.5,0.712,0.86,0.5536,0.9916,2.497e+04,nan,nan,nan,nan,nan
plain_s2,plain,2,1,1,8,7,151.2,17.96,0.3,1.2,0,0,0,2.66,15.35,40.78,23,875,6.87,0.121,0.0006615,0.8,3.7,6.3,0,0.9,5.9,0,7557,1.804,4.578,0.176,0.1546,0.4471,0.1619,0.1866,11.38,20.76,41,0.54,0.76,1.38,0.6354,9.792,2.724e+04,nan,nan,nan,nan,nan
plain_s2_r2,plain,2,2,1,8,6,160.7,19.14,0.3,2.1,0,0,0,2.66,14.54,42.96,26,1880,15.31,0.105,0.0009956,2.9,6.6,9.1,2,0.5,5.7,0,8033,1.955,6.341,0.1907,0.1583,0.6235,0.1875,0.1935,18.33,103.7,47,0.6,0.94,1.88,0.8112,9.912,2.95e+04,nan,nan,nan,nan,nan
plain_s3,plain,3,1,1,8,7,148.7,17.66,0.4,1.4,0,0,0,2.75,15.08,45.98,31,1594,13.07,0.125,0.0009416,1.9,7.2,7,0,0.3,6.6,0,7432,1.634,2.773,0.16,0.1509,0.2927,0.1524,0.166,13.31,55.25,41,0.5,0.74,0.88,0.5607,4.862,2.488e+04,nan,nan,nan,nan,nan
plain_s3_r2,plain,3,2,1,8,7,154.5,18.57,0.4,1.4,0,0,0,2.68,14.37,38.7,31,1627,13.15,0.114,0.0006473,1.7,4.2,7.1,0,0.6,6.4,0,7722,1.602,3.03,0.1566,0.1454,0.3147,0.1542,0.1586,13.66,73.24,47,0.52,0.796,1.26,0.5991,4.397,2.615e+04,nan,nan,nan,nan,nan
plain_s4,plain,4,1,1,8,7,158.6,18.79,0.3,1.3,0,0,0,2.71,15.39,35.78,22,1305,12.53,0.096,0.0008828,2.7,9.3,8.5,0,0.9,6.5,0,7927,2.41,4.784,0.236,0.2257,0.4793,0.2211,0.2487,18.31,105.6,46,0.51,0.96,2.12,0.7249,9.382,2.852e+04,nan,nan,nan,nan,nan
plain_s4_r2,plain,4,2,1,8,7,163.5,19.48,0.4,1.7,0,0,0,2.69,14.13,32.5,19,2059,19.36,0.119,0.0007341,2.8,8.4,8.7,2,0.9,5.6,0,8171,2.324,4.777,0.2278,0.2122,0.4843,0.2201,0.2352,16.67,102.5,52,0.52,0.952,1.6,0.7838,9.42,2.912e+04,nan,nan,nan,nan,nan
plain_s5,plain,5,1,1,8,7,155.2,18.62,0.4,1.6,0,0,0,2.69,14.58,48.84,26,1041,7.14,0.075,0.0005153,0.8,6,6,0,0.3,6,0,7760,2.327,3.352,0.2272,0.2136,0.3263,0.2154,0.2369,11.95,13.38,46,0.52,0.78,1,0.7339,5.384,2.627e+04,nan,nan,nan,nan,nan
plain_s5_r2,plain,5,2,1,8,7,156.2,18.61,0.4,1.6,0,0,0,2.67,14.46,46.49,19,604,5.14,0.05,0.000256,0.2,2.1,3.4,0,0.5,6.2,0,7809,2.208,3.202,0.2154,0.2071,0.3114,0.212,0.2184,5.284,7.417,46,0.52,0.77,1.46,0.7249,5.473,2.616e+04,nan,nan,nan,nan,nan
plain_s6,plain,6,1,0,6,6,nan,20.62,0.5,1.6,0,0,0,2.69,15.2,40.84,21,3367,32.56,0.175,0.0009983,3.4,8.2,9.9,3,1,7.2,0,7010,2.057,4.877,0.2009,0.1709,0.484,0.186,0.2136,18.95,113.2,47,0.52,0.92,1.54,0.8029,8.876,3.563e+04,nan,nan,nan,nan,nan
plain_s6_r2,plain,6,2,0,6,6,nan,21.61,0.5,1.7,0,0,0,2.67,14.72,33.55,19,1588,14.89,0.126,0.0002761,2.3,8.2,7.3,2,0.7,7.1,0,7242,1.94,4.219,0.1891,0.1713,0.4136,0.1884,0.1898,14.1,81.07,53,0.5,0.936,1.62,0.8552,8.834,3.6e+04,nan,nan,nan,nan,nan
plain_s7,plain,7,1,1,8,7,165.8,19.78,0.4,1.3,0,0,0,2.67,14.48,35.64,31,961,7.64,0.1,0.0003619,0.7,4.9,5.3,0,0.8,5.8,0,8287,1.959,4.081,0.1913,0.1778,0.413,0.1939,0.1888,10.05,35.81,53,0.62,0.86,1.38,0.7365,7.025,2.558e+04,nan,nan,nan,nan,nan
plain_s7_r2,plain,7,2,1,8,6,165.2,19.65,0.4,1.3,0,0,0,2.66,14.42,38.02,27,1069,8.83,0.1,0.0004842,0.8,4.8,5.7,0,0.7,5.4,0,8259,1.96,4.014,0.1916,0.1775,0.4113,0.1903,0.1929,10.65,39.91,53,0.6,0.84,1.32,0.7145,6.746,2.598e+04,nan,nan,nan,nan,nan
plain_s8,plain,8,1,0,4,4,nan,20.44,0.5,1.7,0,0,0,2.66,14.8,30.54,13,993,10,0.142,0.0002044,0.8,4.9,5.5,1,0.7,5.8,0,4891,1.881,4.258,0.1792,0.1634,0.3842,0.1772,0.1811,10.71,49.64,33,0.54,0.88,1.34,0.8505,7.335,3.342e+04,nan,nan,nan,nan,nan
plain_s8_r2,plain,8,2,1,8,7,157.6,18.87,0.4,1.7,0,0,0,2.71,16.31,46.41,49,882,6.03,0.07,0.0005075,0.8,6.2,5.8,0,0.7,6.3,0,7880,1.941,4.277,0.1894,0.1725,0.4205,0.1901,0.1888,12.49,22.01,47,0.56,0.812,1.74,0.8114,7.129,2.603e+04,nan,nan,nan,nan,nan
plain_s9,plain,9,1,1,8,7,156.2,18.48,0.6,0.9,0,0,0,2.66,14.21,38.5,25,854,6.96,0.073,0.0007683,1.3,4.4,6.3,0,0.2,8.3,0,7807,2.223,4.977,0.2169,0.1882,0.4861,0.2069,0.2257,13.53,32.48,45,0.5,0.812,1.64,0.9762,9.457,2.848e+04,nan,nan,nan,nan,nan
plain_s9_r2,plain,9,2,1,8,6,161.7,19.37,0.7,1.1,0,0,0,2.67,15.32,37.11,22,1143,9.49,0.107,0.0003711,0.9,4.5,5.8,0,0.6,7.6,0,8083,2.266,5.473,0.2206,0.1917,0.5319,0.2227,0.2184,10.32,36.17,51,0.5,0.9,1.8,1.106,8.942,2.99e+04,nan,nan,nan,nan,nan
plain_s10,plain,10,1,1,8,7,157.7,18.87,0.7,1.9,0,0,0,2.67,14.19,43.28,28,953,6.88,0.072,0.000634,0.9,5.9,6,0,0.6,5.9,0,7885,2.505,6.124,0.2445,0.2162,0.6005,0.2498,0.2395,12.93,25.6,46,0.52,0.89,2.7,1.188,9.997,2.678e+04,nan,nan,nan,nan,nan
plain_s10_r2,plain,10,2,1,8,7,149.6,17.93,0.6,1.9,0,0,0,2.69,14.32,36.9,20,1423,9.86,0.088,0.00107,2.2,6.1,7.5,0,0.3,6.2,0,7476,2.438,5.505,0.2381,0.2108,0.5399,0.2255,0.2478,16.94,80.08,40,0.52,0.886,2.06,0.9936,9.996,2.562e+04,nan,nan,nan,nan,nan
